i	left	right	log(ratio)	lval	rval
0	-1	1	0	2.1781	-0.178097
1	-0.236068	1	-0.481212	0.350841	-0.178097
2	0.236068	1	-0.962424	-0.34463	-0.178097
3	0.527864	1	-1.44364	-0.650894	-0.178097
4	0.527864	0.708204	-2.40606	-0.650894	-0.672761
5	0.527864	0.648868	-2.80508	-0.650894	-0.686103
6	0.63923	0.648868	-5.33519	-0.686184	-0.686103
7	0.63923	0.642704	-6.35577	-0.686184	-0.686218
8	0.642627	0.642704	-10.167	-0.686218	-0.686218
9	0.642636	0.642704	-10.2898	-0.686218	-0.686218
