i	left	right	log(ratio)
0	-1	1	0
1	0	1	-0.693147
2	0.537607	1	-1.46449
3	0.589049	1	-1.58243
4	0.622877	1	-1.66833
5	0.633315	1	-1.6964
6	0.638931	1	-1.71183
7	0.640972	1	-1.7175
8	0.641949	1	-1.72023
9	0.642335	1	-1.72131
10	0.64251	1	-1.72179
11	0.642581	1	-1.72199
12	0.642613	1	-1.72208
13	0.642626	1	-1.72212
14	0.642632	1	-1.72214
15	0.642634	1	-1.72214
16	0.642635	1	-1.72215
17	0.642636	1	-1.72215
